I,Q
0.618998,-0.665264
-0.793215,0.836832
0.593545,0.716958
-0.854495,-0.766618
0.645853,-0.814641
-0.6245,0.448411
0.530748,0.760598
-0.833124,0.760209
0.660042,-0.668586
0.768012,-0.637901
-0.540671,0.751559
-0.99227,-0.50837
-0.78614,0.606367
0.557514,-0.51281
-0.524048,0.843293
-0.592525,0.635928
-0.604492,-0.599975
-0.492169,-0.664407
-0.868189,0.647552
0.808284,0.768054
-0.679371,-0.968295
0.617815,0.963404
0.701811,-0.71279
0.319998,-1.065523
0.805499,0.522593
-0.3927,-0.747608
0.778551,-0.574159
0.648127,-0.850762
0.830561,0.397425
-0.83341,0.662733
0.609324,0.838319
0.748716,0.794808
-0.646213,0.666985
-0.672427,0.650775
-0.849646,-0.651909
0.655644,0.479638
0.629847,0.619363
-0.838638,-0.687745
-0.750093,0.767875
0.858269,-0.916833
0.909927,0.570916
0.955427,-0.683118
0.781168,-0.450795
-0.724472,0.722232
-0.81687,0.838792
-0.835064,-0.877268
-0.656169,-0.446796
-0.641353,0.604707
-0.796125,-0.86515
-0.820459,0.593209
-0.557261,-0.932812
0.84322,0.617522
-0.559764,-0.604159
-0.791472,-0.657285
0.718621,-0.658593
0.56418,-0.651253
0.789976,0.59908
-0.618811,-0.88046
1.038584,-0.467043
-0.673201,-0.643706
0.691905,-0.771488
0.898012,0.516398
-0.512795,-0.518719
0.634798,-0.746749
0.58679,0.639599
0.207573,-0.756761
0.714027,-0.548316
-0.652654,-0.750202
0.720818,-0.698153
0.747467,0.710363
-0.893492,-0.932846
0.794489,0.706821
-0.791066,-0.635367
-0.840525,0.611807
0.287953,-0.758965
0.756122,0.947708
-0.475167,-0.494801
0.997425,-0.710756
-0.703309,0.390677
-0.74421,0.704588
0.459794,-1.003121
-0.582127,0.800213
-0.570025,-0.9653
0.812754,0.899543
0.797811,-0.784386
0.585514,-0.583321
0.580688,-0.591427
-0.727906,0.546508
0.678878,0.723525
0.702202,0.764413
-0.571411,-0.561629
-0.856254,-0.504667
0.436854,-0.805806
0.817797,0.751718
0.832835,-0.529122
0.448461,-0.812468
-0.43823,-0.831751
0.596885,-0.427845
0.71558,-0.709891
-0.65644,-0.836101
-0.956038,0.646161
0.61899,-0.957563
-0.678592,0.830502
0.625745,-0.61016
-0.575267,0.709579
-0.455452,-0.86254
0.91923,0.328231
-0.753905,-0.972885
0.842859,-0.74717
0.661973,0.991016
0.505068,-0.716609
-0.639292,0.471399
1.024008,0.518194
-0.694529,0.685427
-0.770887,-0.791297
0.804614,-0.544066
-0.813878,0.599191
-0.370325,0.700035
0.746884,-0.692747
-0.600197,0.85185
-0.215563,-0.515394
-0.710949,0.840698
-0.729495,-0.591717
0.799086,-0.413835
-0.540371,-0.331632
-0.738363,0.53944
0.707658,0.525189
0.789633,-0.752792
0.340463,-0.859025
0.836772,-0.573865
-0.787712,-0.546797
0.578835,0.925882
-0.623359,-0.651675
0.598387,0.773809
-0.810133,-0.715401
0.739414,0.306673
0.873996,-0.293384
0.789466,0.546217
0.544865,0.897859
0.659625,-1.032429
-0.625413,-0.708786
-0.589697,-0.738763
0.725552,0.738731
0.892579,-0.620247
0.800488,0.535807
0.87376,-0.750116
-0.553387,0.725592
-0.753914,0.645212
0.795905,0.589567
0.784257,0.536809
-0.662213,0.404268
-0.64142,0.475624
-0.634823,0.711689
0.668843,0.320728
-0.548515,0.520725
-0.59224,-0.715549
0.791145,-0.733538
0.73833,-0.74095
0.579407,0.62444
-0.507156,-0.827847
0.709904,0.722073
-0.800386,0.554478
-0.381832,1.238645
-0.471471,0.888584
0.692081,0.945882
0.727925,-0.712718
-0.588664,-0.641052
0.782854,0.674224
-0.691775,0.342925
-0.553502,0.563833
-0.687993,0.479607
0.662593,-0.859694
0.395059,-0.842311
0.909518,0.397079
-0.542009,-0.878419
-0.736023,0.488797
0.548424,-0.781902
0.656459,0.879002
-0.585369,-0.859023
-0.566815,0.828629
-0.654875,0.682598
0.492136,0.493582
-0.6328,-0.917038
0.838031,0.779365
-0.507801,0.62089
-0.698921,-0.814273
-0.646315,-0.491194
0.697385,-0.612989
0.719729,0.647163
0.47688,0.744306
0.754233,0.644075
-0.724559,0.688267
0.468539,0.69277
-0.584181,0.80106
0.504788,-0.600201
0.7282,-0.633847
0.741916,-0.601148
0.79425,-0.924553
0.638903,0.362567
0.79623,0.859714
-0.780877,0.774799
0.638153,0.690411
0.649847,0.663514
0.735358,0.668363
0.840105,0.544689
-0.978095,0.73296
-0.862724,0.777127
-0.949651,0.628269
-0.681538,0.955129
-0.525985,-0.74737
-0.753558,-1.120521
0.575509,-0.749499
0.899128,0.504427
0.535519,0.394839
-0.950351,0.780383
0.758811,0.776757
0.601281,0.642109
-0.546696,-0.47575
-0.713623,-0.466545
0.666933,-0.350642
0.48501,1.001053
0.425333,-0.883896
0.722541,0.593357
-0.664341,0.821973
-0.452678,-0.881725
1.030908,0.725598
-0.780452,-0.402023
1.033251,0.669294
-0.510636,-0.701404
0.764126,-0.491393
-0.966138,0.445998
0.753327,-0.717987
0.515871,-0.675962
-0.82776,-0.745496
-0.59069,0.893452
-0.978541,0.60212
-0.766741,-0.796697
-0.727923,-0.908085
0.856269,0.617619
-0.534307,0.715529
0.79207,0.429731
0.520228,0.618466
0.650377,-0.677166
0.306272,0.877967
-0.801955,-0.764857
0.742936,0.74385
0.650272,-0.631963
-0.888726,-0.693946
-0.742799,-0.894662
-0.452486,0.588794
-0.870096,0.725651
0.906282,-0.847899
0.61788,0.642187
-0.572557,0.441454
0.642775,-0.776608
-0.748498,-0.898412
-0.468506,-0.478116
0.843854,-0.981161
-0.886495,-0.579893
0.828658,-0.796246
0.698901,0.764124
0.565046,0.786128
0.773533,0.617305
0.547542,-0.488172
-0.224781,0.601803
-0.689829,-0.704538
0.196771,0.728216
-0.7721,0.660432
-0.944224,0.646486
-0.545565,1.038506
-0.972357,-0.673066
0.697134,-0.319918
1.028589,0.777235
-0.725752,0.985627
0.834348,-0.55905
0.772178,0.446565
0.819243,-0.703537
0.775942,-0.568251
0.487668,0.763327
0.658279,0.850945
0.510842,-0.516974
0.32858,-0.732096
-0.600669,0.430946
0.436051,-0.833966
-1.086703,0.725351
0.441029,-0.579277
-0.716838,0.810452
0.828354,0.796299
-0.67553,0.576977
0.537638,0.682211
-1.205699,-0.479651
-0.627443,-0.557956
-0.95592,0.477297
-0.498388,0.859949
0.823946,-0.741855
0.602291,-0.701607
-0.535818,0.478746
0.791461,0.444124
-0.872025,0.355326
0.561397,-0.369469
0.584675,0.624706
-0.57964,0.632442
-0.763691,0.926596
-0.709853,-0.679039
0.525568,-0.863006
-0.608593,-0.750562
0.875338,0.83219
0.350847,0.963618
0.674541,0.518425
0.731773,-0.572298
0.391892,-0.777863
-0.763613,0.350627
0.523167,-0.736963
0.551459,0.836977
-0.837922,0.544316
-0.488364,0.840148
-0.59288,-0.633108
-0.886694,-0.683312
0.854559,-0.704947
0.727507,0.650096
-0.614256,-0.508719
0.621442,-0.742909
-0.629484,-0.812144
0.786634,0.717477
0.558759,-0.763875
0.677139,-0.852568
-0.581439,-1.029175
0.894192,-0.530703
0.682351,0.802874
-0.838362,-0.699556
0.712645,0.577446
-0.659358,0.682962
0.737338,0.682848
-0.706485,0.859848
-0.596775,0.813599
0.493284,0.756084
-0.789542,0.932018
-0.851928,0.567994
-0.64503,-0.699178
0.761156,-0.860705
-1.011139,-0.551009
0.710181,-0.595697
0.593656,0.592027
-0.598368,0.693456
-0.522272,-0.764771
0.846924,-0.803092
0.566824,-0.764507
0.871652,-0.687137
-0.894625,1.029913
0.740437,-0.463056
-0.715514,-0.923955
-0.67333,-0.589874
-0.568743,0.728726
-0.991524,-0.698873
0.65654,1.008571
-0.585027,-0.541659
-0.666159,0.623444
-0.688656,-0.762679
-0.900626,-0.704397
0.875333,0.570118
-0.713817,0.881092
-0.654475,0.442696
-0.609109,-0.713425
-0.500545,0.561609
-0.887663,-0.716545
0.54932,0.906679
-0.500431,0.947266
0.801543,-0.568173
0.801833,-0.351697
0.666217,-0.673579
-0.775087,-0.527061
0.53798,0.518933
0.662984,0.888891
0.537374,-0.883965
0.518543,0.938202
0.619691,0.558756
0.728882,0.894089
-1.059543,-0.784926
0.605108,-0.984876
-0.826111,-0.869562
-0.779245,0.549067
0.721693,-0.782673
0.805022,0.612747
0.704516,-0.763531
0.629693,-0.423831
-0.667531,-0.55897
0.500103,0.659438
0.682181,0.596209
-0.703887,-0.900151
0.50542,0.636707
-0.73009,0.548345
-0.39347,0.803409
0.372864,0.812343
-0.297628,0.691019
-0.406741,-0.664549
-0.532442,-0.714187
0.615414,-0.852609
0.923135,-0.594051
0.571873,-0.784787
-0.381347,-0.70769
0.543326,-0.963307
-0.80436,-0.552814
0.501165,0.872422
-0.692426,-0.621387
-0.671015,1.159191
0.845877,-0.576065
1.024416,-0.399716
0.812672,-1.079075
0.605294,-0.709774
-0.616961,0.54572
0.634922,-0.825421
0.626862,0.595601
0.482973,-0.722846
0.680748,-0.19454
0.928906,0.635296
-0.664113,-0.647422
0.681786,-0.629439
-0.633755,0.682232
0.766214,0.853457
0.647401,0.647568
-0.625272,0.706637
0.810028,0.315996
0.654123,0.895264
-0.59324,0.722419
-0.650602,0.528146
0.556164,-0.875591
-0.326928,-0.715084
0.796449,-0.796949
-0.82363,0.440567
0.843182,-0.695358
-0.583564,0.768533
0.564502,-0.987255
-0.568397,-0.930371
-0.640875,0.725677
0.840062,-0.702408
-0.794583,-0.690701
0.561947,-0.953042
0.555497,0.71113
0.709917,-0.657239
0.636975,-0.755821
-1.122294,0.504461
0.57494,-0.781841
-0.741622,0.892929
-0.616587,0.615391
-0.80702,-0.641092
-0.61994,0.925162
-0.447057,-0.620774
-0.61153,-1.133562
0.664156,-0.77277
-0.721156,0.605565
-0.548353,-0.668623
0.607344,0.695009
0.947249,0.803125
0.611523,0.718628
-0.941357,-0.832144
-0.828851,-0.491736
-0.74439,0.504819
0.562958,-0.838052
0.856405,-0.701956
0.651495,-0.676193
0.865863,0.579205
0.879132,-0.546557
0.667347,0.686678
-0.878962,-0.697794
-0.842861,0.776365
-0.607826,-0.571381
-0.79601,-0.48587
-0.847901,0.73715
0.645678,0.671759
0.483352,0.714679
-0.611862,-0.793631
-0.646641,0.775432
0.767495,-0.637047
-0.823052,0.578246
-0.236435,0.291251
0.624452,0.90518
0.73775,0.476266
0.681224,0.760945
0.892813,0.716247
0.706543,-0.603389
-0.554524,-0.743483
0.511013,-0.691704
0.640155,-0.684692
-0.745599,-0.942274
0.372545,-0.915301
0.714565,-0.657308
-0.609004,0.83196
-0.584074,-0.793006
0.894635,-1.020424
0.868376,-0.945715
-0.631818,-0.603232
0.490178,0.538961
-0.734371,-0.751393
0.524769,-0.669889
-0.833197,0.580893
-0.986098,-0.634796
0.641373,0.857372
-0.916951,0.235603
0.736237,0.696048
-0.732708,0.739875
0.649127,0.461188
-0.478231,-0.727375
-0.710977,-0.80158
-0.716349,-0.624171
-0.61022,1.060793
-0.410706,-0.903204
-0.702816,-0.97126
0.456959,-0.790128
-0.437251,0.690417
-0.65454,0.778131
0.57125,-0.664386
-0.711766,1.027286
0.55711,0.947177
1.043661,0.665243
0.74594,-0.429801
0.683682,-0.792778
-0.832366,-0.570422
-0.789858,-0.869545
0.327108,1.000827
-0.652024,-0.619416
0.597537,0.752029
-0.753345,-0.722436
-0.666377,-0.503904
0.606706,0.835159
-0.953901,-0.551037
-0.791298,-0.608521
0.845123,-0.343288
0.497313,0.756781
0.541652,-0.518406
0.771668,-0.635343
0.955583,0.44047
-0.621357,0.654994
-0.767928,-1.080826
0.710532,-0.874575
0.589987,0.851731
-0.592097,0.811519
0.362529,-0.755509
-0.423786,-0.833427
0.791436,-0.863772
0.683133,-0.635196
-0.811691,0.629659
-0.533081,0.694391
-0.685115,0.541843
0.94056,0.60542
-0.477069,-0.726653
0.685389,0.478735
-0.757538,0.843755
-0.742425,-0.771357
-0.40154,-0.566003
-0.615273,0.651761
-0.431504,0.807419
-0.705898,-0.720844
-0.596984,0.677486
-0.90704,0.794071
-0.741427,-0.530295
0.565033,0.52807
0.645239,0.750121
-0.649802,0.57561
0.939422,-0.598204
0.607606,-0.846022
-0.556648,0.583066
0.730082,-0.648117
-0.717396,-0.89299
-0.730027,-0.975675
-0.57568,0.905668
-0.646261,-0.587545
0.667183,-0.541642
-0.75489,-0.804103
0.576837,0.382934
-0.467173,0.539034
0.790276,-0.714962
0.660595,0.665584
-0.513009,0.75132
0.71678,0.696233
-0.623365,-0.45146
-0.380321,-0.763382
0.693145,-0.555322
0.755774,0.671844
0.564911,-0.625151
0.832283,0.808903
-0.664505,0.681791
0.551083,0.885025
0.605147,-0.695334
0.934693,-0.875099
-0.756737,0.510576
-0.454808,1.054064
-0.43204,-0.766491
0.669162,-0.58597
0.751749,-0.819795
-0.870073,-0.721521
-0.650124,-0.459935
0.851414,0.736741
-0.859705,-0.785561
0.810227,-0.366545
0.448875,0.868142
0.668065,0.702277
-0.509353,0.808682
0.823204,-0.695484
-0.557849,0.815877
-0.447044,0.650753
-0.779568,0.830069
0.805264,-0.713384
0.833248,-0.619674
-0.748928,0.495084
0.965064,0.415879
0.707499,-0.778588
-0.722562,-0.568088
0.464772,-0.847115
0.679812,-0.573553
-0.473739,-0.985803
0.791823,-0.502091
-0.675155,0.910551
-0.613911,-0.608345
-0.775275,0.735399
0.781746,-0.685703
-0.623267,0.913213
-0.574524,-0.875223
0.53435,-0.763712
0.712072,0.659212
-0.70235,-0.765452
0.836459,-0.438782
0.629309,0.207703
0.528633,0.715642
-0.641131,-0.936507
0.747369,-0.730925
-0.789173,-0.278742
-0.645385,0.623164
0.576769,0.670886
0.525927,0.826338
-0.672512,0.75004
0.725005,-0.641169
-0.67783,1.180205
-0.705003,-0.782343
-1.007146,0.373251
0.755695,0.546752
-0.830685,0.779054
0.966589,-0.734745
-0.697691,-0.603096
0.891258,0.668619
-0.789021,-0.482221
-0.630914,-0.885359
-0.739717,-0.875668
0.699712,0.600723
0.519946,-0.697105
-0.777481,-0.868474
0.684178,-0.461124
0.655896,-0.629809
-0.759087,-0.802603
0.574717,-0.806588
0.926283,0.767411
-0.695073,0.869842
-0.807169,0.49443
-0.806479,-0.516603
0.931384,0.599226
0.786086,0.793946
0.536878,0.581228
-0.436779,-0.776953
0.686354,-0.672579
-0.51887,-0.848645
0.869967,-0.975583
-0.898545,-0.46499
0.467753,-0.615443
1.065447,0.961875
-0.442936,-0.984857
-0.560487,1.196674
-0.38487,-0.709198
-0.900811,0.944395
-0.774869,0.571631
-0.89963,0.849687
1.003294,0.862857
-1.072422,0.808763
-0.93132,-0.571784
-0.694204,-0.820988
-0.510154,-0.90224
-0.659523,-0.298706
0.540964,0.568536
0.537737,0.756592
-0.490605,-0.829733
-0.492092,0.792952
0.909684,-0.614613
-0.645049,0.680023
0.422861,-0.821561
0.89464,0.71642
-0.50012,-0.543337
-1.045934,0.738621
-0.738604,-0.618072
-0.686712,-0.449039
-0.701614,-0.716373
-0.577726,-0.876134
0.847965,0.847382
-0.741468,-0.763125
-0.794151,0.992981
-0.261502,-0.728468
-0.537639,0.827658
0.666214,-0.484529
0.447501,-0.599229
0.84056,0.737069
0.661503,0.886475
0.754549,0.585021
0.682459,0.575556
-0.690192,0.649032
-0.857666,0.81497
-0.816389,-0.648625
-0.610928,-0.573362
-0.369057,-0.653636
-0.548486,0.576563
-0.539538,0.419666
1.045803,0.429475
0.640555,-0.636866
0.88088,-0.676012
0.825059,0.761623
-0.768069,0.99756
0.685356,0.82633
-0.567744,-0.574882
-0.391856,-0.76455
1.006047,0.673025
-0.538897,0.719561
0.370182,0.441011
-0.906584,-0.623058
0.504195,0.76688
0.441361,0.843923
-0.504538,0.782054
0.745318,-0.648242
-0.753238,1.008061
0.565223,0.773722
-0.621598,-0.4927
0.772644,-0.577387
0.674405,0.468543
-0.827076,0.483399
0.610433,0.813841
-0.820334,-0.907307
-0.54952,-0.577497
0.658665,-0.921498
0.646429,-0.843901
0.786401,-0.872774
-0.752959,0.742306
1.216172,-0.917119
0.523892,0.561875
0.51092,0.72256
0.674165,0.467863
-0.505768,0.855524
-0.644697,1.097451
0.77883,-0.39153
0.574795,1.081149
0.852371,0.697197
0.746382,0.499863
-0.688147,0.63942
0.495188,0.789824
0.701083,-0.839048
-0.543456,0.894093
0.6694,0.609969
-0.441549,-0.737402
0.751109,0.583205
0.942253,-0.785197
-0.662371,-0.777813
-0.558669,-0.739727
-0.631721,0.864788
1.024382,0.819581
-0.602925,-0.951462
0.56845,-1.003353
-0.52858,-0.864485
-0.880354,-0.633819
0.771563,0.761558
-0.6149,-0.823556
0.427907,0.68385
-0.695768,0.559184
-0.572102,1.006364
-0.894222,-0.443233
-0.390542,-1.010638
-0.664693,0.724902
0.690032,-0.768528
-0.685569,-0.874753
0.650978,-0.725042
-0.737609,0.897118
0.658333,0.733977
0.811588,0.594319
-0.789373,0.61149
0.948167,-0.641994
-0.635613,0.688214
0.730944,-0.293112
-0.198199,0.760091
0.818849,0.459105
0.550987,0.906431
0.993625,-0.732029
0.584127,0.594015
-0.627955,0.691182
0.659207,0.408397
0.646515,0.921901
0.899663,0.737544
-0.450238,0.784888
-0.722309,0.751343
0.474659,-0.698299
0.701029,0.878587
-0.760567,-0.775097
-0.833294,-0.884951
0.635023,0.750268
0.611534,-0.57013
0.518776,0.59689
-0.318526,0.910176
0.7189,-0.415224
0.508734,-0.433886
-0.660798,-0.652751
0.709748,0.671507
-0.776696,-0.851414
-0.369913,0.41434
-0.513908,-0.591737
-0.697114,-0.612201
-0.633451,0.704343
-0.757605,-0.504702
0.684905,0.925385
-0.942975,0.741456
0.544154,0.80629
0.690516,0.629283
0.589175,0.573882
0.632831,0.693282
0.711948,0.61026
-0.640664,0.736067
-0.740753,-0.887855
-0.711178,0.706887
0.551628,0.596622
0.728084,0.574651
0.80056,0.499921
-0.500747,-0.679361
0.457805,-0.838487
0.662516,-0.377373
-0.79596,-0.641016
0.689048,1.132343
-0.384498,-0.705396
0.893341,0.322257
-0.66646,-0.637814
-1.042974,-0.658315
-0.813108,0.779863
0.5586,0.58189
-0.826868,0.572044
0.750711,-0.675669
-0.714356,-0.829898
-0.667288,0.877672
0.656403,-0.660617
0.811563,-0.778127
-0.673239,0.712035
0.641095,0.774053
0.746222,0.802508
-0.590518,0.649205
0.598628,-0.917746
0.563993,0.865758
0.796648,-0.896144
-0.653607,0.522603
-0.807329,-0.785893
0.617571,-0.796598
0.637336,0.605467
-0.575275,-0.717684
0.619209,-0.686503
-0.528275,0.798866
-0.552938,-0.796125
-0.57344,0.534426
-0.775576,0.678432
-0.81435,-0.766493
0.508408,0.790623
-0.652285,0.63039
-0.56792,0.816965
-0.877335,0.583327
-0.782445,-0.656686
-0.683993,-0.751727
-0.587933,-0.630995
0.870915,-0.669784
-0.793437,-0.635361
0.526031,-0.729138
-0.713008,-0.601952
0.494278,0.885177
0.396581,-0.863456
-0.759395,-0.757822
0.630326,-0.783655
0.657371,0.632912
-0.625554,-0.765508
0.859762,-0.684669
-0.726502,-0.888497
-0.561449,0.987032
0.739768,-1.016685
0.614684,0.695325
-1.114294,0.526053
0.588506,-0.557608
0.62765,-0.657282
-0.754314,-0.491861
0.757613,-0.655229
0.864751,-0.838557
0.899119,0.764389
0.629092,0.977853
-0.652837,-0.609793
-0.631572,0.615453
0.76946,-0.558181
-0.838172,-0.683631
-0.500951,0.54768
0.680489,0.651838
-0.624036,-0.549826
0.281325,0.719669
0.827981,0.475296
0.823551,-0.769121
-0.700385,0.707419
-0.810649,-0.572967
-0.66194,0.718751
-0.618656,-0.584087
0.597625,-0.710488
-0.607193,-0.682821
0.792359,-0.805189
0.682517,0.422006
-0.42166,-0.950955
-0.834042,0.690601
0.364477,-0.609162
0.67128,-0.658919
-0.451748,-0.787895
0.602739,0.606811
0.650533,-0.687285
-0.553633,0.907547
0.642256,-0.859865
-0.516527,-0.8131
-0.84538,0.815207
-0.866852,-0.926454
-0.53831,0.82129
0.807241,0.483086
-0.86296,0.351447
0.647787,0.891369
-0.45664,-0.641956
-0.507873,-0.298403
-0.501641,0.680462
-0.865272,0.772976
-0.536207,0.951936
-0.621314,-0.887598
-0.535291,0.579069
-0.906607,-0.755945
-0.6814,0.667585
-0.385989,-0.53315
-0.805948,-0.891096
0.975495,0.620949
-0.681942,-0.634733
-0.557186,-1.186389
-0.603761,-0.790728
0.653364,-0.875129
0.849894,-0.588074
-0.616012,0.672731
0.766002,-0.935269
-0.617704,-0.760502
-0.540975,0.807701
0.65555,0.510254
0.279691,0.550037
0.901122,-0.556148
-0.737432,-0.586807
-0.333138,0.699285
0.584979,0.468594
0.710182,-0.590738
-0.544233,0.624656
0.74881,0.790063
-0.400057,0.956425
0.956055,-0.601083
-0.629278,-0.85352
-0.800074,-0.452294
-0.772616,0.596478
-0.603082,0.791932
-0.577003,0.486682
0.456956,1.008907
0.805678,-1.00535
0.671525,0.531698
0.654162,-0.372055
0.649573,-0.742873
0.558354,-0.795006
0.78299,-0.792138
-0.573712,-0.672972
-0.558559,-0.789156
-0.560801,-0.629782
-0.644898,-0.550104
0.729628,0.779588
0.49641,0.662902
0.353424,0.741103
-0.266446,0.805444
-0.469119,0.655694
-0.878942,0.646401
-0.503149,0.77926
-0.701663,0.387109
0.700202,-0.703961
0.323936,-0.686626
0.576245,-0.650397
0.805458,0.701103
0.709382,0.604622
0.467992,-0.693637
-0.566916,-1.039188
-1.062429,0.564227
0.705966,0.700422
-0.809381,-0.77349
0.664951,0.361263
0.520173,-0.935442
0.64941,0.734608
0.697279,-0.557526
0.947877,0.679288
-0.683666,0.480164
0.800923,0.952039
-0.619708,-0.723044
1.094624,0.846465
-0.889225,0.816226
-0.570508,0.764593
-0.842975,-0.350034
-0.524607,-0.699256
1.112908,-0.447468
-0.568805,-0.763132
-0.578015,-0.440392
-0.771243,-0.676506
-0.506925,-0.914561
0.81059,-0.789044
0.606193,-0.731964
0.843806,-0.734766
0.728907,-0.715865
0.831293,0.713212
0.73386,0.483562
-0.5587,0.770444
-0.856569,-0.782267
1.092454,-0.564749
-0.872402,0.472478
-0.654141,0.907724
-0.762105,0.758195
0.664625,-0.633028
-1.030971,-0.449874
0.638785,-0.555525
-0.891231,-0.703587
0.502579,0.7402
0.348899,0.786215
-0.716799,-0.50047
-0.574937,-0.54234
-0.908808,-0.660295
-0.710278,0.694441
-0.518553,-0.681039
0.675645,-0.776682
0.670816,0.443285
-0.629033,-0.571509
-0.879135,0.354658
0.694818,0.588844
-0.694557,0.665685
0.603312,-0.77383
0.746255,-0.680275
0.797247,0.891089
-1.117776,-0.785425
-0.674279,-0.557715
0.701217,0.698404
0.452622,0.721422
-0.686153,0.814331
-0.593791,0.884655
-0.492997,0.670256
-0.635416,-0.884384
-1.150136,0.642618
0.573791,-0.665217
0.546539,0.697425
0.815083,0.686416
-0.992588,-0.609705
0.979494,-0.446529
-0.849119,0.741449
-0.843535,0.863391
0.715458,0.503965
-1.017254,0.658691
0.675144,0.696341
0.696302,0.604177
0.807625,-1.002011
0.832907,0.590226
-0.859015,-0.610439
0.544481,-0.727597
1.017146,-0.747643
0.802904,-0.698203
-0.497302,-1.027542
0.977977,0.538683
-0.766754,-0.633602
0.878472,0.617755
0.862399,-0.634788
-0.507391,-0.828829
0.854182,0.700863
0.585613,-0.647811
0.874968,-0.456627
0.502022,0.496134
0.918277,0.875446
-0.796944,-0.751317
0.492113,-0.612283
-0.350411,0.920713
-0.643466,-0.829241
-0.732428,0.816071
-0.584492,0.564668
-0.879394,0.448685
-0.519457,0.613829
0.649182,0.895342
0.532562,0.865658
0.550957,-1.073147
0.831244,0.812764
-0.663275,0.602444
0.851437,-0.842174
0.689426,0.397052
-0.712623,-0.748676
0.949423,0.810115
-0.495267,-0.836226
0.42072,0.979171
0.394377,-0.624733
-0.749171,0.731716
0.40278,0.569254
-0.578202,0.784961
-0.76103,-0.434283
0.703575,-0.559104
-0.573241,1.043503
-0.591226,0.797494
-0.564591,-0.798347
0.674109,0.518036
-0.858076,0.59285
0.822706,0.467718
0.806336,-0.564022
0.639749,0.828244
0.887617,-0.42544
0.519308,-0.720496
-0.862934,-0.737408
-0.658252,-0.851314
0.730475,-0.473903
-0.876697,-0.553579
-0.866664,-0.759984
-0.745311,-0.421539
0.72932,0.727427
-0.901796,0.678339
0.710284,-0.573297
-0.558218,-0.70994
0.559304,0.623723
-0.67446,0.805943
-1.031017,0.827181
0.742315,0.715998
-0.786781,-0.592968
0.94209,-0.713709
0.62712,0.669722
-0.901744,-0.603551
-0.58245,0.530472
0.66771,-0.648995
0.689492,-0.574021
0.259381,-0.728698
-0.635635,0.519063
-0.597407,-0.695366
-0.586337,0.516411
0.492287,-0.816557
-0.567722,-0.873493
0.720561,-0.605855
0.777895,0.28487
-0.778625,0.909779
-0.651339,0.616018
-0.727449,-0.540375
0.935123,-0.460808
0.566324,0.804581
0.875234,-0.773539
-0.592914,0.628356
0.756461,0.581826
0.658543,0.576499
-0.591614,0.591522
0.684788,-0.859223
0.365498,0.774566
0.874601,-0.816008
0.811098,0.521011
0.687167,-0.712964
0.815445,-0.731283
0.659612,0.565041
-0.743338,-0.504187
-0.705249,0.352209
-0.826061,0.300848
-0.858767,-0.380964
0.728482,0.645342
0.610344,-0.630044
-0.79191,-0.586522
-0.70795,0.519523
0.961432,-0.823414
0.770347,-0.45932
-0.753197,0.578678
0.62667,0.684864
-0.386871,0.824265
0.652956,-0.798221
-0.907911,-0.873942
0.871144,0.614158
-0.743654,0.785955
-0.885897,0.773327
-0.770343,-0.633878
-0.656792,-0.929729
1.104404,-0.975625
0.651459,-0.720077
-0.711382,0.45995
-0.683804,0.78908
0.736591,-0.683499
-0.848999,0.791837
-0.211467,0.731892
0.815299,-0.607125
0.683808,0.512792
0.628547,-0.688608
1.153091,-0.703867
0.642754,-0.684847
-0.693263,0.613666
0.705784,-0.971839
0.919523,-0.564062
0.85817,0.732905
-0.766587,0.45167
-0.927394,-0.541123
-0.506358,0.686294
-0.735434,-1.044505
0.574371,-0.582555
0.800478,-1.027852
-0.759181,0.468173
0.857042,0.554181
-1.021906,-0.879726
-0.734136,0.773953
0.933311,0.666913
-0.88304,0.354172
-0.767627,-0.490858
-0.5643,0.899192
-0.969009,0.643193
-0.761115,-0.836295
-0.863646,0.643826
-0.856501,0.777604
0.645507,0.719057
-0.611155,-0.78703
0.668508,0.46992
-0.597071,0.816379
0.590062,-0.627566
0.334311,0.674534
-0.693205,0.615212
-0.761667,-0.551502
0.517107,-0.789277
-0.892497,-0.743207
0.725525,0.630299
-0.740175,0.629554
-0.536361,-0.958972
0.49639,-0.805233
-0.755058,0.766451
-0.802344,0.429697
0.916246,0.631835
0.655408,0.824147
0.535365,-0.651746
-0.376868,0.547602
0.806857,0.554453
0.587539,0.967119
-0.996517,-0.558776
-0.423859,-1.035379
-0.469366,0.923357
-0.662229,-0.732788
0.3501,0.557997
0.766868,0.495144
-0.311406,-0.65512
0.818628,0.53956
-0.70619,0.344405
-0.685107,-0.821225
-0.736852,-0.668382
0.362915,0.819802
-0.685893,0.769522
0.52234,-0.838792
-0.476519,0.702308
-0.649245,0.524633
0.790866,1.057969
-0.493244,-0.832566
0.355797,-0.877884
0.750971,0.667371
0.56776,0.909854
0.837041,0.511454
-0.935551,0.671139
0.557688,-0.649602
-0.744507,-0.463981
-0.857219,-0.674601
-0.647664,0.705812
0.657272,0.725334
0.546065,-0.500049
0.719267,-0.477336
-0.784855,-0.761341
-0.823061,0.655968
0.78082,-1.128972
-0.680131,0.595276
-0.834486,-0.83969
0.844578,-0.807635
1.127684,0.716808
0.910181,-0.330107
0.760263,-0.550193
-0.44312,-0.57268
-0.885756,-0.497285
0.532014,-0.784243
-0.493767,-0.76187
0.770884,-0.759889
-0.615157,0.744618
-0.398674,-0.567701
0.684586,-0.648879
-0.525545,-0.664981
0.660407,-0.625112
-0.790985,-0.817414
0.838847,0.572045
-0.681163,-0.827583
-0.567211,0.68843
0.807105,0.77392
0.569831,0.548645
0.705299,-0.825143
0.717982,0.570683
-0.809871,-0.537161
0.780546,-0.397506
0.739195,-0.612355
0.563734,-0.672033
0.874507,1.013114
-0.541281,-0.821209
0.646823,-0.819878
-0.725046,-0.830137
0.810699,-0.892601
0.563163,-0.86259
-0.893287,0.65233
-0.572517,-0.574541
-0.512437,0.680919
0.666105,-0.669228
-0.600337,0.800696
0.902597,-0.425689
-0.719714,0.681127
0.660028,-0.754412
-0.666478,0.61515
0.802089,0.7515
0.846838,0.753466
0.438322,-0.6417
0.658883,-0.78549
-0.889737,0.543822
-0.643557,0.960687
-0.904314,0.705208
0.508014,0.958461
1.124415,0.413247
0.86292,-0.452455
0.891347,0.88696
0.828298,0.618009
0.595333,0.6248
0.463126,-0.690674
0.718704,0.671339
0.771841,0.614668
-0.55768,0.373274
-0.926458,-0.854389
-0.761911,0.518298
0.688712,-0.567316
-0.654312,1.033211
-0.908986,0.53987
0.842665,-0.879581
-0.770807,-0.680846
0.644066,0.430446
-0.802625,0.66297
-0.74643,0.386218
0.546414,0.349045
0.733196,-1.016015
-0.812108,0.768539
-1.099602,0.576357
-1.021839,-0.522336
0.710864,0.645021
-0.514534,-0.704571
0.765423,-0.611072
0.749887,0.60951
-0.780274,0.705022
-0.53421,0.709222
0.764462,0.691591
0.788749,0.729289
0.599834,-0.455519
0.816279,-0.70914
-0.718229,-0.696249
-0.684617,0.82279
-0.578788,-0.767741
0.698393,0.884448
-0.852759,0.992621
-0.855244,-0.493824
0.847688,0.643317
0.469333,0.646922
0.454961,0.659731
-0.731107,0.466511
0.758017,0.529559
-1.039965,0.846931
0.559357,-0.993817
-0.49117,-0.937423
0.744815,0.444323
0.595811,-0.506451
-0.63439,-0.857368
0.695038,-0.831807
0.602105,-0.548535
0.80957,0.446177
-0.637283,-0.738817
0.585133,0.696422
-0.73088,-0.648653
0.792497,-0.831468
-0.504977,-0.894112
-0.688648,0.6586
-0.655891,0.890756
-0.658388,-0.510869
-0.828433,0.428821
0.767627,0.740754
0.920066,0.397305
-0.540695,0.61332
-0.841904,0.720967
0.709277,-0.437673
0.80692,0.836056
-0.606934,0.623791
0.708164,-0.615901
-0.892024,-0.613472
0.771974,0.376107
-0.597749,0.552354
0.780834,-0.597633
0.620874,0.664515
-0.868819,0.847764
0.499072,0.758215
0.828124,-0.698129
-0.495398,-0.595819
-0.844364,-0.7708
-0.799289,0.863041
-0.713086,-0.537525
-0.858531,-0.492053
-1.084526,0.408135
-1.078229,-0.55229
0.582023,0.876414
-0.600101,-0.723579
-0.591337,0.388087
0.827092,-0.702904
0.597078,-0.833149
-0.652717,0.859993
-0.852494,0.863113
0.535754,0.867816
-0.790415,-0.569807
-0.645343,-0.557147
0.798455,-0.682247
-0.761179,0.525649
-0.833405,-0.745899
0.709451,0.602892
-0.875512,-0.671536
-0.805641,-0.873543
0.436009,0.764544
-0.836466,0.801387
0.91233,0.812347
-0.818506,0.808455
0.75603,-0.822489
0.732582,0.607376
-0.358054,0.904116
-0.876291,0.481965
0.481331,0.77052
-0.24426,-0.704038
0.397679,-0.752801
-0.757974,0.64733
0.965793,0.70793
-0.676935,0.983481
-0.737484,0.725657
-0.723628,-1.058636
0.525082,0.742694
0.407252,-0.861093
0.542891,0.721549
-0.735552,-0.634344
0.602094,-0.616177
-0.420945,-0.618614
-0.464039,0.888448
0.622051,-0.474159
1.002947,0.618055
-0.551293,-0.743146
0.672101,-0.695371
0.785493,-0.578905
-0.846759,0.635787
0.530934,0.605643
-0.578038,1.048885
0.755147,-0.820034
0.866944,-0.653323
-0.957267,-0.625945
-0.536702,-0.883163
0.633639,0.662257
1.037895,-0.60937
0.717457,-1.080892
-0.80218,-0.827164
-0.734354,-0.873604
0.740978,0.686766
0.657641,0.6091
0.922418,-1.076796
-0.854646,0.727903
0.773549,0.73694
-1.027019,-0.573709
0.633563,0.976425
0.457973,0.825874
0.947133,0.512359
-0.495653,-0.702416
-0.43816,-0.715128
-0.736499,0.784883
0.811828,0.386769
0.82452,-0.483412
0.668587,-0.789822
0.866749,0.620307
0.475931,0.79898
-0.825815,-0.368036
-0.553564,0.732711
0.298251,0.884542
0.650844,-0.826099
0.669504,-0.434677
0.594364,0.696678
-0.514025,-0.75231
1.073874,0.444156
-0.935235,0.763812
-0.783666,0.529745
-0.595803,-0.767133
-0.97182,-0.495142
-0.325043,-0.794898
0.50898,-0.644324
-0.794604,0.756801
0.821397,0.667735
-0.54723,0.553296
-0.692333,-0.801146
0.476948,-0.743903
0.624366,0.620158
0.695031,0.950025
0.400142,-0.79627
-0.64462,0.81797
0.88172,1.060606
-0.722466,0.620791
-0.721154,0.912668
-0.634378,-0.630893
-0.746982,0.773126
0.711479,-0.669259
0.749982,0.783598
-0.658183,0.710831
0.66058,0.797507
0.861096,0.634126
0.919048,-0.501854
-0.426638,-0.923962
0.576209,-0.533365
0.698262,0.444619
0.439335,-0.559189
-0.5939,0.567737
-0.413978,0.631154
-0.582251,0.679535
0.483043,-0.676697
-0.684777,0.600111
0.720353,0.659597
-0.544908,0.737349
-0.777134,0.738914
0.328849,0.797183
-0.684718,0.938424
0.772942,0.700593
-0.799243,-0.688783
0.686253,0.595701
-0.688505,-0.817867
0.592899,-0.76435
0.660904,0.703008
-0.509201,-0.666181
0.799925,0.738537
-0.805954,-1.011738
0.557422,0.873673
0.601984,-0.58572
0.828329,0.387404
-0.642338,0.587622
-0.608794,-0.882898
0.619582,0.379151
0.899857,0.966104
0.714096,-0.804191
-0.876544,-0.808039
0.882306,-0.81721
-0.617918,0.311781
-0.901429,-0.664439
0.842402,-0.491394
0.796969,0.455011
0.808383,0.849787
0.524372,-0.813226
-0.863911,0.619284
-0.547761,0.746154
0.965589,-0.383049
0.66402,-0.587734
0.468945,0.437824
-0.660196,-0.187019
0.530974,0.603342
-0.892446,-0.609451
-0.655104,0.937257
-0.610685,-1.115319
0.641534,0.643859
0.922758,-0.806825
-0.884048,0.32125
0.744276,0.389839
-0.633678,-0.67294
-0.666443,0.744646
-0.657757,-0.637789
-0.586327,0.645879
-0.442213,-0.544081
-0.681414,-0.755328
0.71832,0.68673
0.770293,-0.775325
0.686109,-0.782698
0.796979,0.658736
-0.627936,-0.950069
0.532781,-0.866224
-0.802764,0.72198
-0.488934,-0.469708
-0.621085,-0.713645
-0.612508,0.626694
0.61276,-0.650363
0.61409,-0.528883
0.805098,0.511253
-0.938082,-0.587077
-0.634747,-0.732923
0.494811,-0.304655
-0.413862,-0.910279
0.342707,-0.48944
-0.542587,0.442847
0.580533,0.82953
0.651201,0.674979
-0.969744,-0.519804
0.271904,-0.903607
-0.779882,0.58346
-0.439395,-0.522789
-0.58145,-0.855906
-0.68048,-0.68917
-0.555857,0.84188
-0.662863,-0.671414
0.673265,0.55572
0.469492,0.593104
-0.68587,-0.738286
0.814561,-0.510761
0.673475,-0.752252
-0.701076,-0.665382
-0.666901,1.052161
-0.702565,0.652228
-0.925305,0.578741
-0.805964,-0.411775
0.916057,-0.295153
-0.855025,-0.746264
-0.569779,-0.580133
0.519076,-0.3733
-0.654324,0.892711
0.955755,-0.795712
-0.718746,0.497989
-0.901893,-0.520099
-0.790537,-0.769399
0.679685,0.509672
0.706804,0.869252
0.477892,0.67833
-0.436913,-0.693459
0.90627,0.71872
0.502031,-0.864113
0.765815,0.937813
-0.835784,-0.712235
0.581784,-0.827327
-0.784223,0.60849
0.540692,-0.603171
0.403918,0.87278
-0.63562,-0.546357
-0.554848,0.767733
0.630085,0.726234
0.808972,0.49548
0.811536,-0.640302
0.373038,0.829391
-0.823623,-0.71139
-0.664542,0.753355
-0.658453,-0.80291
0.590105,-0.538725
0.543156,-0.598537
-0.794904,0.872622
0.671502,0.729547
0.559201,0.720912
-0.716629,0.616974
0.393821,-0.892034
-0.755748,-0.783017
-0.402171,0.883384
-0.627353,0.770962
0.969905,-0.731457
-0.466675,-0.739208
-0.61791,-0.611995
0.455411,0.748255
0.587339,-0.998552
-0.823891,0.666876
0.7835,-0.766367
-0.690462,0.577408
0.732605,0.842521
0.721134,0.58042
0.702297,-0.853854
0.65655,0.717716
-0.524393,-1.157524
0.891196,0.526747
0.510866,-0.869192
-0.872376,0.872789
0.51332,-0.820818
-0.800548,0.768866
-0.775992,0.804426
0.326387,0.698872
-0.478118,-0.78848
0.529699,0.618584
-0.902156,0.675451
0.850924,0.730464
-0.695581,0.747754
0.574701,-0.646344
-0.654264,0.973384
-0.719256,-0.86655
0.807298,-0.477015
-0.477429,0.536642
-0.568335,0.635352
-0.436842,0.726392
-0.670351,0.950865
0.821679,-0.605697
-0.629508,-0.862681
0.640143,-0.836347
-0.897806,-0.832356
-0.591606,-0.594891
0.891316,-0.7722
-0.600784,1.008226
-0.769176,-0.855377
0.868775,-0.850824
-0.799557,-0.823287
0.584255,0.584426
-0.712607,-0.585158
-0.587848,0.724941
0.958331,-0.695657
0.473625,-0.417976
-0.771398,0.362572
0.744996,0.756353
-0.738611,0.855438
-0.904153,0.617704
0.688509,0.556427
-0.7358,-0.706796
0.592588,0.683103
-0.763864,-0.386961
-0.746359,0.76887
-0.688334,-0.743903
0.457584,0.595132
0.773016,-0.750883
-0.472225,0.60506
0.703258,-0.625381
0.643661,0.670662
-0.375663,-0.757142
-0.966761,-0.579139
0.609627,-0.655898
-0.874579,0.749013
-0.602909,0.640204
0.963707,0.600962
0.61808,-0.633922
-0.814638,0.63416
-0.83121,0.34281
0.798612,0.702009
-0.44933,0.903916
-0.738193,0.498918
-0.518803,-0.828926
0.507552,-0.686455
-0.690515,0.901353
-0.961264,-0.657528
-0.686213,-0.741945
0.683027,0.90184
-0.545255,0.663536
0.866394,-0.324035
0.71177,0.72516
-0.330401,0.887074
-0.850548,0.635869
0.589821,0.757512
0.544033,0.664155
-0.57815,0.964675
0.578762,-0.849039
-0.703214,-0.667409
0.819113,-0.816369
0.522072,-0.849341
-0.93638,0.472118
0.495823,0.946524
0.631626,-0.779548
-0.54583,1.122592
0.408237,-0.685507
-0.69055,-0.791093
-0.304348,-0.694942
0.935331,-0.534268
-0.622282,0.874755
0.688025,-0.683832
1.057225,0.692096
-0.539549,0.735489
-0.886947,0.529588
-0.577977,-0.952505
-0.759163,0.70334
-0.62278,0.658295
-0.836174,0.867475
-0.814365,0.535225
-0.701099,-0.405729
-0.591047,-0.720478
-0.682502,-0.517932
-0.790163,-0.677631
0.843306,-0.614112
0.617624,-0.724842
0.948605,0.547902
-1.029336,0.599275
0.681541,-0.85486
0.695953,0.844836
0.566263,0.472335
-0.784575,0.756686
-0.732967,0.627536
-0.762113,-0.85479
0.854706,0.670729
-0.543926,-0.387764
-0.604127,-0.797759
0.774674,0.2508
-0.459824,-0.966289
0.601101,0.458356
-0.548217,-0.835232
-0.649198,0.740557
0.557658,0.818516
0.97433,0.663959
1.00174,-0.923636
0.84369,0.569627
-0.687458,-0.747535
-0.747236,-0.674978
-0.535643,0.649916
0.846113,-0.791363
-0.815653,-0.936292
0.818114,-0.884169
0.662343,-0.55241
0.671342,0.736731
0.892355,0.46439
0.836668,-0.774799
-0.949745,0.629038
-0.564057,0.771992
0.682656,0.724648
-0.81008,0.680577
-0.573469,0.890702
-0.728624,0.384276
0.88027,-0.157624
0.798872,0.510605
0.706416,0.820647
0.831841,0.625064
-0.799986,-0.563141
0.907569,0.60867
0.849135,-0.528269
0.612617,0.776871
-0.624269,0.756632
-0.726441,0.602251
-0.802508,-0.47049
-0.620125,-0.793973
0.68336,0.762426
-0.634684,-0.748994
0.837047,0.704734
-0.755105,0.879646
0.561335,0.724287
-0.666416,0.784023
-0.96051,0.869409
0.66809,1.341822
-0.816913,-0.8065
-0.687482,-0.559683
0.676181,0.609567
-1.036174,-0.576668
0.70589,-0.596407
-0.559078,0.731208
-0.871827,0.664764
-0.522421,0.865508
0.697059,1.05545
-0.792112,-0.743215
0.565044,0.63032
0.799937,0.702111
-0.692724,0.792797
-0.661882,-1.03085
-0.73841,0.728052
-0.815891,-0.297563
0.311043,0.751274
-0.7079,0.918765
-0.575782,0.439482
0.591873,-0.454273
0.679928,0.908562
-0.631469,0.692757
-0.671269,0.991394
-0.689297,-0.643766
-0.763084,0.789224
-0.605403,0.565244
-0.541635,-0.773119
0.829681,-0.940829
0.749011,0.637068
-0.302333,0.96869
-0.591796,-1.063501
-0.53915,1.014414
-0.785035,0.590358
0.760707,-0.739987
0.798647,-0.719197
-0.609701,-0.505507
0.866086,0.775592
0.70156,0.847813
-0.311988,-0.78589
0.780135,0.92132
0.501709,-0.60754
-0.758018,-0.575514
0.911364,1.04111
-0.993749,0.596579
0.512664,-0.758316
0.58437,-0.711608
-0.600037,0.817049
0.526653,-0.611714
0.83748,0.655244
0.838972,-0.702475
-0.684575,0.676821
-0.887996,-0.69107
0.355326,0.858858
-0.486825,0.470495
-1.049363,-0.42486
-0.755462,0.576219
0.99541,-0.65606
-0.729741,-0.823562
-0.793,-0.662204
-0.42512,0.703876
0.698641,-0.626488
-0.554955,-0.654004
0.689845,0.442388
0.898819,-0.709423
-0.77797,0.602763
-0.642289,0.540807
-0.620094,-0.46761
-0.80917,-0.821034
0.881044,-0.718484
0.735911,0.623949
-0.685009,0.952066
-0.626315,-0.784591
-0.492358,-0.560133
0.617374,-0.590759
0.52058,-0.79658
-0.592745,-0.921063
-0.670946,0.709009
-1.032299,-0.441107
0.739533,-0.763345
0.764823,0.852329
0.756218,-0.742253
-0.55168,-0.680323
0.602585,0.799078
-0.720005,0.735909
0.684179,0.806811
-0.548383,0.886514
0.85849,0.687688
0.878383,-0.902624
-0.990209,0.457554
-0.868056,-0.565774
0.407364,0.645722
-0.606398,-0.278895
-0.588226,-0.918315
0.64132,-0.379739
0.809416,-0.785232
0.409247,-0.831444
-0.933661,0.771282
-1.060001,-0.946313
0.903111,-0.908752
-0.629991,0.686811
-0.55612,-0.639535
-0.419125,0.819469
-0.725754,-0.838469
0.495191,0.858115
0.839559,0.784559
-0.946774,0.89248
0.224773,-0.821801
-0.605304,0.53285
0.758687,0.973148
-0.874604,0.94801
0.711123,-0.716911
-0.683347,0.476688
-0.890704,0.284734
-0.626146,0.687352
-0.560979,-0.734305
-0.374219,0.727494
0.623881,-0.710787
0.785393,0.759443
0.54152,-0.672137
-0.449176,-0.519382
0.605775,-0.794769
0.844972,-0.844707
-0.697069,0.777054
-0.979576,0.74957
-0.54009,-0.611729
-0.805029,-0.49345
0.607263,0.559616
-1.023995,-0.661394
0.480956,0.966666
0.722882,0.768388
-0.799117,0.793224
0.646629,-1.133874
0.816511,0.714355
-0.604343,-0.863675
-0.693594,0.603571
-0.743586,-0.665202
1.084008,-0.310227
0.543604,-0.400359
-0.880251,0.770913
0.515533,0.665249
-0.314958,0.952813
-0.580761,0.761332
0.963402,-0.692512
-0.675432,-0.861097
-0.843475,-0.845597
-0.572438,0.813785
0.741258,-0.717237
0.711121,-0.630905
-0.877731,0.893107
0.629155,0.667134
-0.505345,0.651769
0.353438,0.784824
0.737061,0.57781
-0.348094,0.757089
0.473295,-0.567778
-0.462992,-0.747538
0.811585,-0.827612
0.786933,0.600392
0.669644,-0.484603
-0.640074,-0.55387
0.522938,-0.39134
0.68083,-1.037382
-0.555931,0.548385
0.80091,-0.534932
0.851304,0.48663
-0.769371,0.720274
0.851655,-0.683051
0.629726,0.322573
-0.431171,-1.020161
-0.918192,-0.839039
-0.651619,-0.706491
0.574172,0.427821
0.582446,0.773175
0.701921,0.535598
0.696763,-1.068325
-0.555277,-0.594975
-0.697715,-0.86112
0.635731,-0.478572
-0.820734,0.611838
-0.694918,-0.516969
-0.60962,0.419359
0.521811,-0.570971
-0.830476,-0.760551
1.001627,0.690211
-0.701925,-0.448045
-0.867956,0.534961
0.772579,-0.553266
0.73992,0.77507
-0.832884,0.620818
-0.636073,-0.617523
0.843673,0.937913
0.846289,0.536854
-0.628875,-0.764353
-0.846577,-0.509847
-0.673183,0.71684
-0.741305,-0.824389
0.576325,-0.847733
0.791021,-0.643671
-0.727183,0.62202
0.648791,0.587243
0.757419,-0.558194
0.519372,0.721022
0.7087,0.393907
-0.61204,-0.755018
-0.616172,0.767521
0.806293,-0.752999
0.651867,-0.649767
0.771969,-0.652628
-0.709475,0.625391
-0.63107,-0.793326
0.650195,-0.821906
-0.576284,-0.622953
0.662809,0.503942
-0.709295,-0.538142
0.759876,-0.733816
-0.702291,0.765369
0.626136,-0.846547
0.640033,0.651318
-0.818247,0.187018
-0.699439,0.924191
-0.449911,-0.805502
0.830927,-0.71565
0.625184,-0.819221
-0.471199,0.75515
0.820657,-0.463186
0.913161,0.44878
-0.896858,0.802053
-0.568668,-0.708078
0.586495,0.574385
